,games,wins,win_rate
RandomAgent,1930,1082,0.5606217616580311
HeuristicAgent,2297,1118,0.48672181105790163
HeuristicAgent15,687,257,0.37409024745269287
